INSERT INTO USERS(ID, EMAIL, NAME, PASSWORD, EMAIL_VERIFIED, LOGIN_ATTEMPTS, DELETED, LIKED_GENRES, GOT_RECOMMENDATION) VALUES
    ('e3661c31-d1a4-47ab-94b6-1c6500dccf25', 'ognjen@gmail.com', 'Ognjen Radovanovic', '$2y$10$uaQTp4iF5tJoC.R4kCzWOuWB0zNveArf/oKXDvnSs81Z563fPAmZ6', true, 0, false, '{}'::smallint[],false),
    ('e3661c31-d1a4-47ab-94b6-1c6500dccf24', 'bojan@gmail.com', 'Bojan Mijanovic', '$2y$10$C836IyKmo1L08tOzYm8r9.CCW6CjnClul764C1E9DP9aqnO8LOl5G', true, 0, false, '{}'::smallint[],false);



INSERT INTO ROLE (name) VALUES ('ROLE_ADMIN');
INSERT INTO ROLE (name) VALUES ('ROLE_USER');

INSERT INTO USER_ROLE (user_id, role_id) VALUES ('e3661c31-d1a4-47ab-94b6-1c6500dccf25', 2);
INSERT INTO USER_ROLE (user_id, role_id) VALUES ('e3661c31-d1a4-47ab-94b6-1c6500dccf24', 1);

-- Insert Directors
INSERT INTO director (id, name, surname) VALUES
('e3661c31-d1a4-47ab-94b6-1c6500dccf26', 'Quentin', 'Tarantino'),
('e3661c31-d1a4-47ab-94b6-1c6500dccf27', 'Christopher', 'Nolan'),
('e3661c31-d1a4-47ab-94b6-1c6500dccf28', 'Martin', 'Scorsese'),
('e3661c31-d1a4-47ab-94b6-1c6500dccf29', 'Stanley', 'Kubrick'),
('e3661c31-d1a4-47ab-94b6-1c6500dccf30', 'Alfred', 'Hitchcock'),
('e3661c31-d1a4-47ab-94b6-1c6500dccf31', 'Steven', 'Spielberg'),
('e3661c31-d1a4-47ab-94b6-1c6500dccf32', 'James', 'Cameron'),
('e3661c31-d1a4-47ab-94b6-1c6500dccf33', 'Tim', 'Burton'),
('e3661c31-d1a4-47ab-94b6-1c6500dccf34', 'Peter', 'Jackson'),
('e3661c31-d1a4-47ab-94b6-1c6500dccf35', 'Ridley', 'Scott'),
('e3661c31-d1a4-47ab-94b6-1c6500dccd36', 'Damien', 'Chazelle'),
('e3661c31-d1a4-47ab-94b6-1c6500dccd37', 'Lana', 'Wachowski'),
('e3661c31-d1a4-47ab-94b6-1c6500dccd38', 'David', 'Fincher'),
('e3661c31-d1a4-47ab-94b6-1c6500dccd39', 'Wes', 'Anderson');


-- Insert Actors
INSERT INTO actor (id, Name, Surname) VALUES
('e3661c31-d1a4-47ab-94b6-1c6500dccf36', 'Tom', 'Hanks'),
('e3661c31-d1a4-47ab-94b6-1c6500dccf37', 'Meryl', 'Streep'),
('e3661c31-d1a4-47ab-94b6-1c6500dccf38', 'Brad', 'Pitt'),
('e3661c31-d1a4-47ab-94b6-1c6500dccf39', 'Emma', 'Stone'),
('e3661c31-d1a4-47ab-94b6-1c6500dccf40', 'Robert', 'De Niro'),
('e3661c31-d1a4-47ab-94b6-1c6500dccf41', 'Jennifer', 'Lawrence'),
('e3661c31-d1a4-47ab-94b6-1c6500dccf42', 'Leonardo', 'DiCaprio'),
('e3661c31-d1a4-47ab-94b6-1c6500dccf43', 'Charlize', 'Theron'),
('e3661c31-d1a4-47ab-94b6-1c6500dccf44', 'Johnny', 'Depp'),
('e3661c31-d1a4-47ab-94b6-1c6500dccf45', 'Angelina', 'Jolie');



INSERT INTO film (id, name, genre, duration, year, main_actor_id, director_id, description,image) VALUES
('e3661c31-d1a4-47ab-94b6-1c6500dccf46', 'Inglourious Basterds', 'WAR', 153, 2009, 'e3661c31-d1a4-47ab-94b6-1c6500dccf41', 'e3661c31-d1a4-47ab-94b6-1c6500dccf26', 'In Nazi-occupied France during World WAR II, a plan to assassinate Nazi leaders by a group of Jewish U.S. soldiers coincides with a theatre owner''s vengeful plans for the same.','data:image/png;base64,iVBORw0KGgoAAAANSUhEUgAAADIAAAAyCAYAAAAeP4ixAAAAAXNSR0IArs4c6QAAAStJREFUaEPtkz1OQkEAhOfRQqKFN+AMlnYW1p7AnmtYUUFioiew0MRSQ2PBAyEh4A8ReIXYCInR4hGBEJv1BDSTTOIms/1Mdr5vN3n7yMNinqFUWKDZH6F+VsVwOE8Q2Ummk17o3Dewf3CIq4tTNB4GSB8jHDJOL8PrUxudwQjL/BuFpIjzm258Ru5qx+Fz9oW98i5ur3t4meZovW/iG1I5OQqTLMPqZ4n15hc7xRLS51l8QyL701uvGx35bUs85L89SRuxEREBPy0RWLrWRmh0oqCNiMDStTZCoxMFbUQElq61ERqdKGgjIrB0rY3Q6ERBGxGBpWtthEYnCtqICCxdayM0OlHQRkRg6VobodGJgjYiAkvX2giNThS0ERFYutZGaHSioI2IwNK1f6e7QjOitGflAAAAAElFTkSuQmCC'),
('e3661c31-d1a4-47ab-94b6-1c6500dccf47', 'The Dark Knight', 'ACTION', 152, 2008, 'e3661c31-d1a4-47ab-94b6-1c6500dccf42', 'e3661c31-d1a4-47ab-94b6-1c6500dccf27', 'When the menace known as The Joker emerges from his mysterious past, he wreaks havoc and chaos on the people of Gotham, the Dark Knight must accept one of the greatest psychological and physical tests of his ability to fight injustice.','data:image/jpeg;base64,/9j/4AAQSkZJRgABAQEAkACQAAD/2wBDAAMCAgMCAgMDAwMEAwMEBQgFBQQEBQoHBwYIDAoMDAsKCwsNDhIQDQ4RDgsLEBYQERMUFRUVDA8XGBYUGBIUFRT/2wBDAQMEBAUEBQkFBQkUDQsNFBQUFBQUFBQUFBQUFBQUFBQUFBQUFBQUFBQUFBQUFBQUFBQUFBQUFBQUFBQUFBQUFBT/wAARCAC2AMIDASIAAhEBAxEB/8QAHwAAAQUBAQEBAQEAAAAAAAAAAAECAwQFBgcICQoL/8QAtRAAAgEDAwIEAwUFBAQAAAF9AQIDAAQRBRIhMUEGE1FhByJxFDKBkaEII0KxwRVS0fAkM2JyggkKFhcYGRolJicoKSo0NTY3ODk6Q0RFRkdISUpTVFVWV1hZWmNkZWZnaGlqc3R1dnd4eXqDhIWGh4iJipKTlJWWl5iZmqKjpKWmp6ipqrKztLW2t7i5usLDxMXGx8jJytLT1NXW19jZ2uHi4+Tl5ufo6erx8vP09fb3+Pn6/8QAHwEAAwEBAQEBAQEBAQAAAAAAAAECAwQFBgcICQoL/8QAtREAAgECBAQDBAcFBAQAAQJ3AAECAxEEBSExBhJBUQdhcRMiMoEIFEKRobHBCSMzUvAVYnLRChYkNOEl8RcYGRomJygpKjU2Nzg5OkNERUZHSElKU1RVVldYWVpjZGVmZ2hpanN0dXZ3eHl6goOEhYaHiImKkpOUlZaXmJmaoqOkpaanqKmqsrO0tba3uLm6wsPExcbHyMnK0tPU1dbX2Nna4uPk5ebn6Onq8vP09fb3+Pn6/9oADAMBAAIRAxEAPwD6KbTW9KY2nH0rzH4bftdeBviFKsDmbSJS3lh7ghoi3cbh/UCvdlsVuIUliZZI3AZWU5BB6EGv16jmVLEK9KSZ+B4rK8TgZKOIpuN/x9HscodNPpTDpvtXVtpp9KjOm12LFeZxeyOVbTx6U1tPH9011LabTG02tFifMPZs8i+N1iE+DPj1tuMaBfn/AMl5K/KO3/1Yr9fPjvp/l/BD4hN6eHdRP/ktJX5B2/8AqxXwXEtT2lWm/Jn6bwlHloVfVfkSUUUV8cfeBRRRQAV/TNX8zNf0zUAFFFNdxGpZjhRySaAHUVhXPjTSbckG7jYj0NUpviNpEY+WbcfYGgDqqK4eX4p2C8JFI/0H+OKpTfFgdIrRj9cD+poA9FpK8um+Kt43+rtlUf7TZ/pVGb4latJwoijHsGJ/U07Cuev5prSKvVgPxrxWbxtrE3W8Kf7qKP1xVSTxBqUww9/cEegkIp8oXPdPtEf99fzorwL7dc/8/En/AH2aKOUVz8f/AAT4ZuvBsjWmpWN/pN8zBp7eWM+U8f8AfVx0P+ea+6v2IfiBe+LNC8Q+GL+Vpm0OWN7VpjmQQSbsL7gEcH/axXMeOvAuofE7RdEvNC0xTbXVv5U1wTuaFOQvGecZ/HArr/2J/gFrPwy8TeM9Y1W4WSK5SGxiAyQ/l53Opz0JHTHBzXj5BmntsXzSdpNO6PpeMsnhRyuSSuk1Z9tf8j6RbT/9mom0/wBq6V7dfSomgX0r9MWPifz/AP2e+xzh08elRtp4/u10bQCo3t1qv7QQ/wCz32PHv2grIL8B/iQ23p4a1I/+SslfjDb/AOrFftv+0VCF+AHxMP8A1LGp/wDpJLX4kW/+rFeBmWI9vOLXQ+0yGg6FOafVklFFFeMfUBRRRQAV/TNX8zNf0zUAFYfjaRovCuoshKt5eMj3IFblYHjr/kU9Q/3B/wChCgDwm91C3023M9zIIoshdx9ScAVQk8Xacn3Xklb+6sLfzIAqn46/5AsX/XzF/wChV53qyS215cu0KsJ4yI5vOYFcKOCuMAe+aog9GbxvaKM/Z7jPbO0f+zVCfGxdisVlkjrvmAI/AA15ndTW8kixTxwReTHKqAPuUvmEgjPf5j+taOm/Zm1b5ZLiOUSthWj2rIdrZGe4A559qAO5bxbeN9y1hT/ect/hUTeJNTbjNug/2Yzn9WrOrAnmi1nUJreWS4W3ik8pVgDjcwUFizAcAE459DVWAv6p428Sw65BZ21nJLaPtL3aqu1cnB4x2re8C6xrGoalerqOfIA/dbgATg9f19BXKaTdG01KG0RbgWcyOEF0DvV029M9VIb9K7jwv/yEJP8Arn/UUwOpooooA8Y+G1/L4Y8G6baNKBbpCLeJSQWk4woXaAD6Z9q6f9nH9oPwx8S9L1rS7GCXS9Z0W+ltL2zvMCWRlY/vV9VJJ+lU9L8C+GfgX4DufEerSboNOti0cl3cM7DjCqu8nBPA4r8t9T8XS+INW13XLa6aC5vtQluXeBijDc5IIxXwXDlPnq1a1tO7P0LimtDFU40Yu2uy2dl+Nj9sZdcg/vj86rNr1uP+Wij8a/H/AMO/GrxppzRRz+INSurTpsmunJA9jnIr1C38WavqlolzHrWoPHIMj/SHP4da/XstyqOZXVOraS6NH4XnGOjk3LKtSvGWzX5M/SpvENsOsyf99CoX8S2g63EY/wCBCvzSm1TWXY51O+P1nf8AxqnNdam3Bv7xs9/Ob/Gve/1Tqdav4HzX+teFe1Jn3j+0N4lspvgP8SIluYy7+GtSVRvHJNrIMV+Ltv8A6sV9IeNGuf8AhE9a33Vy4+xT5VnJH+rbrzXzfb/6sV81m+WPLJwg5c11c+zyLMoZlTnOEbWdiSiiivAPpwooooAK/pmr+Zmv6ZqACsHxyP8Aik9QH+wP/QhW9WD45/5FTUP9wf8AoQoA+bvHS40aL/r5i/8AQq5d9Ls5LgzvawvOy7DI0YLFcYxn0rpfiHMtr4fEzBmWOeNiFGScHtXnFt8QoLiQhtM1CJPL37mgPX+7gd6bIOljsLaFVSO3ijRTlVVAAPpVkADpXmer+P8AX3uJE0/R5UiBxHJJGckZzkj6DH41veE/FWo6vNZ213YSQS7GNxI0ZVQR93Bz371SA66uR8Qw6jpa3C6fLJAlxN54ljiMmGKgMrADPJGQR61b1bULiO+EdrfXA3SrFIiwrsjBIBIYr157k9ams76e11T7NPeSzp5rRLujQE/IrckAevYdqoBnh20vLprS7vXkY28ToplXa0jMQSxHUAAYAPPJzXdeF/8AkISf9cv6iuOh8XaZcSOkcsjOsJnx5Z5QHGRXReBNQm1DU7pmtxHb+XmKTfkyKSDnHagDuKKKKAPyy+Pnxs1P4veF/Bdi+sy3Mtvpwi1WFSRGk6sVLnsXZQG9i1eRxWsZkTy1CBV2Lgfw021sTb6dbwoc7h5jN3JY5P8AOtKzVY2weDXLTpwox5ILRHrVas60uee5HcJ5MIx2B/lXpPwT1aS6tL+wZwXiVZArNg+hx+n515lqF0iyojnBYswHsByaufCXxB/ZvjzzXk8uJ5lt3z02kAEn6ZB/CvcyjFfVMZCq9r2fo9D5jP8AA/2hl1Wgt7XXqtf+B8z6Aa3l8wq0bn2XBpbmKOPaCHA7ZStnbDdXJt3UllHJBzj8arXOhxSSSFLhkKjPqK/a/bxva5/NH1WW6RxvjpV/4QvX8HI/s+46j/pm1fKdv/qxX1l8QreJPBOumG9aR/sFxuVht48tq+Tbf/VivzjiyXNWpPyf5n6/wNBww9ZP+ZfkSUUUV8IfpgUUUUAFf0zV/MzX9M1ABWD46/5FTUP9wf8AoQrerJ8VWMupaDd20G3zZFwu44HUGmB84eLtIm1rR/s1vgv5qNy2OAecH1rjZPhrdybS011kZyftXJ5r2/8A4V5rf/POD/v7/wDWpD8P9bH/ACxiP0lFMk8fbwVevHboysRCMBjMCW6dfyqa18H3lnLLIiBmk67pAcck/wBa9YPgPWv+fYH6SL/jTG8D62v/AC4lvpIn+NMDyOfwLfXBlzK8aSMHMayLgMCCCOPUCiH4f3cU6TNI0siyGTLyDlsYz09AK9Ybwfrq/wDMKlb6SR//ABVMPhXXV/5g1x/33F/8XTA8eT4UNHeTXSlhNKhjY+aMbT2xium8I+FX8P3EzkYVkC437umP6Cu7/wCEX1kddLuF/wC+T/I0n/CNaqP+Ydcf98UAZtFaP/CN6r/0Drn/AL4opgfiqrIsMA/2AB+VSLEdwYcc1VC71t27AKT+VaDRlcnPWuc9E4Xxzqf9l61CxDATWpiU9s+YpP6VD4bvg3iadkYmNuV+pPWvUfB+jQat4y03zrKG/wDILzrDOAUYqjHBB4I9q+8/h78PPAnijwnNq+m+DNEtrq5tWKGOxiDRuVPQ44INcOOx39n06dScG4zbV+zVv8zuwOB/tCdWEJpSgk7d07r80fP3hrVb280a2vxB53mRKzeYOpxg/hnNX7nX5XmWN9MjUFc70kPT1xUE10mnWqo6b54wd0cjjOfT0/KspvIvrtZjqH2MMuRDkHn061+/UYRjFOUr6fI/lzESblJQVrvbS68tip8QINNuvBPiNzIWuhpty6rknBETGvkG3/1Yr688fQNH4K8RhL+OdV025BWPgr+6bgivkO3/ANWK+C4kd6tO3b9T9K4SVqFXS2q/Ikooor48+8CiiigAr+mav5ma/pmoAKiuP9WalqK4/wBWaAKlFFFABRXkPxS8a+N9I8ZR2vhHT4tTt7GwSe9tZsKHM7SRxvv7CMxbmA6qT7Vzfwh+Lmo6bptjYeIIdR1a+vlFw00cZdxI0hEv3nwEQlcAAYDdDgmgD6Coryy4/aC0W3s766+x3siW8Sy+WqIWTOQA+HPUgjAyRg5Arp/Bvj+HxjfXttDZT27WcaidpVwFm3yI8f1Bj655B7UAdZRRRQAUUUUAfz4xoipEY28wbF6jHapWctjaeKyNDvj/AGLYb/v+QmfXO0VdF8o5w2PYZrOzud/Q9K/Z70S38SfGDR9Nu7j7PFNFdDzf9oW0jKPzAr7M+CsEngfXNS8LXDtJGCLm0LHG6N8gjpzhgelfD3wU8YSeEfiVpWuQqxe0Mrg4wPmjaPHIxkhjX1HJ8cNIuvEWk+Irq9aKe3l8m4Ey8+U/B6dcNt/WozPCVMZlFSnGLfK+ZeqSv96OjKcRTwucU5yklzrlfo3p9zOO+IWiReGfGer+crSzSXbtDCnzfIWJHUehrjL7w7qN1Zy6itglvBu2HMylsn/Zzn9K+gfGtt4d8b65LqiM8sMqqd6SlcHGOxx6fnVGHw7o1vCYli2h8qM55r9EyniCj9Qoud+blV9PLU/LM64Tr/2jXULKPNJrXXV3V9GfNXjKHUdJ8D63DNs8qSymyvpmNhn3NfM1v/qxX6FfF7Q9KuPhX4rK2cKyQ6RdOjiP5gywuRzjjmvz1t/9WK8bO8dTx1SEqatZHrZHllXK6c4VWndp6ElFFFfNn0wUUUUAFf0zV/MzX9M1ABUVx/qzUtRzqWjOOvWgCnRTPNRRy4XHXPFU7jWre3kWMCW4kb+G3iaTH1IGB+NAF0xqdx2rlhg8dR6VXbS7NipNpASvK5jXj6cVZXcYhIUdRjOCpz+VN85PXH+9waAOcvvhzoOpataX81iha2BCQr8sRyCMlRwThj19a2bHRbHS57ia0tY7eW4bdK0a43kszEn3yzH8atJMkn3XVvoc0+gAooooAKKKKAP5vbPVnSxgV2OVQLk+nb9Kt2+oFmzuJr7dt/2S/hRruowTSXmqbbWCK2aziuFVSY0Cbj8m7JAGea9X8A/Af4VeDLyM6b4WtriTaQJL1TcMDkYIMhOO/SvOq5lSgrqDb9D3KeAqydnJWPgHwf4b8Qa41rJp2mXVzbzXUcXnxwuyK2emQOtfaM37Keq/DvXtL8QxXEWuafGXW6sWt95i3IQJMMcMqsQT34r6j0hbK2WMWqQ28UakCIRKFHHbHSpx4mtpFkUsrKVIKqQ2f6V81is8xXK6VH3Yyumu/wDXke7hcrpU6ka01zSi018j5o+Dvk3ngLQ7DUILZ9V1JFnmufLAXdM7+WR6DC+naulPwU8WXUIkjjtopFJBjabOO2VbHKnAIzg889K9Q0D4c+E9GvI7i1tQkawxQxwSHckQjyUIzyCNx5ruRqlq2xUlB46dvpXl0s1r4acnRlo+jPbzClQxkYqUNV12f9fgfH3xg+FPivSvhN41urm3tzDBot7LI6yjIQQOW69TgV+atv8A6sV+2X7QskbfAD4lrwW/4RjU+3/TrJX4m2/+rFfX5Xj62PhKVa10+h8FmWGp4acVT6klFFFe2eQFFFFABX9M1fzM1/TNQAUUUUAJRS0UAFJS0UARvBHIctGrH3ANRtYwNz5Sg+qjB/SrFFAFVrILzGxB9GJINQ+XKOsR/AitCigDN/ef88ZPyorSooA/Fvwv49vFmnklZZ2M8n7xWIP3iMGvWfCvxAdZoZpPudC24MK/PCHxBrdvnytZ1CPJJOy6kHJ5J61Yj8ZeJof9X4j1ZP8AdvpR/wCzVVSNGorcp0U8RVg9z9Y9F8cJdQvmVUXaec+1UdFmldYi0rqrEAvz61+Wi/EXxkilV8Xa8qkYIGpzYI/76qaP4peOoceX428RJjpt1acY/wDH6+XxeT+3d4SsfQYfOVRXvRufrtp8UrHa0nA4Pz4rct9Mkk4DOG7bmA/XNfjtH8ZPiNEMJ8QPFKD/AGdauR/7PU3/AAvL4nYA/wCFkeLsD/qO3X/xyvGlw1We1X8z0f8AWKn/AM+3+B+qfx4028h+BfxG3NIoHhzUSR6j7NJX462/+rFdnffGj4kapp1zp978QvFV5YXMTQT2txrVy8UsbAhkZS+GUgkEEYINcei7VxX0OU5dUy6E4VJ812fPZljo46cZRjawtFFFe8eOFFFFABX9M1fzM16Q37TXxmY8fF3x2Pp4lvf/AI7QB/Q9RX87/wDw0x8Z/wDor3jz/wAKa9/+O0f8NMfGf/or3jz/AMKa9/8AjtAH9EFFfzv/APDTHxn/AOivePP/AApr3/47R/w0x8Z/+ivePP8Awpr3/wCO0Af0QUV/O/8A8NMfGf8A6K948/8ACmvf/jtH/DTHxn/6K948/wDCmvf/AI7QB/RBRX87/wDw0x8Z/wDor3jz/wAKa9/+O0f8NMfGf/or3jz/AMKa9/8AjtAH9EFFfzv/APDTHxn/AOivePP/AApr3/47R/w0x8Z/+ivePP8Awpr3/wCO0Af0QUV/O/8A8NMfGf8A6K948/8ACmvf/jtFAHnNFe+6j+zFpdrqHjnwtaeOP7R+Ifg7T7nUNR0uHSSumyi2INzFBeNKJHkjTcSGt0UlGAYjDHGf4I+GPC+h+FH8ceOLnw7r/ie0TUbLT7HRPtsFpaSkC3mvZjPG0Qf5m2xRzMEAbBLBKcffty9bW873tbvez+4bTV79P0te/bdfeeN0V71qXg3xv8APjt4x8AeA/HUWm6nZ4tptf/tS28PtPEAkhVbiadPLBJXKLLl9oyDjg/a+u7m68UeDDrEE0/itPDNouta69u8ces3AaTbcxyMq/aQI/Lj+0jcspiJVmXDGOZOMZrZ/5N39NPvYJPmlF9P80reuv3I8FoooqhBRRRQAUUUUAFFFFABRRXsulfBHwrZ/CDwt8QfFnjm80az16/vdOj03TNDF9dI0Bj/eDdcQoY8SHcSwZSUCq+5ijSuLql/Wiv8Akjxqr+h6DqfifVbfS9H0671bUrglYbOxgaaaUgEkKigk8AngdAa+iLz9kPRLH4pD4ZN8SEu/HV9C1xo8dlozPp06vCZrVLi4eZHhllTadqQyqvmIC5O4L3f7MuleILXxL+zNd6l4h+36LNqevxadov2GOL+zmRT5x85Tul8xmBw33duB1pXW39f8P5Dd7XX9aXX3/wDDHxcQVJBGCOopK9m8PfBDw/8A8I14d17x34xuvCUfiq+kg0W2sNHGoyPCkhiku58zwiKESfKNu922uQmFBOhffsxL4D0PxRrHxE12+0Ww0PxG/hhx4d0garI10kfmGR989ukcJUrsYuWYk4T5SQbb/wBbL82l6uxTXvNL+t/0TZ4TRXvlh4D8QeIfgTc6V4Z8VNrfhqf4ixaRp2j/ANmJCb66kt3WG881j5ke5Aq+Scgbsk5Fafhj9mDwT4r+Jt58O7P4pznxZp0N012//CO506Wa2geSeG1n+0+ZKQyMoaSKJWVHYHO1XT0u+i1/8lUnp5Jr8NnoktUv66tfo/x6anz/AHWgapY6TYarc6bd2+mX7SLaXssDLDcGMgSCNyNrlSQDgnGRmqFfU2seHfCerfslfBO48W+Krrw7aJqOuQRJpmljUbqRmuISXMbTQqIlC/M28tllARskrqeA/gH4O+H+rfH7wz421ObUb7w74eMtpqFjoUV4iWzzWrx3sHm3EZWcrIo2cYDv+97M5e6pPsm/uV/6+/oxLXl82l98rf193VHyLRXbQ/BvxprGh3viTQPB3ijWPB0JmkTXk0Sb7OYIy26R3QPGm0KSw3sFII3HGa9Ltv2b/CGn2/wzHiP4kXOl33j2wgu7K2svD/2oWTSTvCPtLtcx7Ytyrh4w7HEmY12qXaTdvNpfN3tp8mJtK/ld/dZP80fP1FfQes/sn6b4a1i+0jWPjH4JsNW0+eS0vLUxak/kzRsVkTctpg4YEZHBxRXP7ej/AM/I/ev8zr+qYp6qjP8A8Bl/kR2Px/8AD1r8fPi344az1M6T4usdftrGFYo/Pja+SRYTKPM2gAuN21mxzjdWnqGs+FfjG3wwt/Efh/xpbeN7DSbPRrfRdG06KW38R20R22jxzPKj2zON0bOsU6/KGAzla+ba7TS/jZ8RND8M/wDCN6d498T2Hh7yng/sm11i4jtPLfO9PKVwm1tzZGMHJz1rpp2pclvs2t/27zW+fvPvvtscs3Kbk/5r3+fL/wDIrZp+Z7B+0xffDnxZ+058V7jXta13TU/tZEsLzw/YW+pxMI0McyOklxB/EqbXWQ/dYFTkEed/Gb4oaT4y0XwR4V8N29+vhrwfp8llaXerbFu7ySWZpppnjRmWJS7YWIO+1VHzsTXl9FYwjywjB9Lfela/3N/8PqU3eTkuv9f1/kFFFFaEhRRRQAUUUUAFFFFABXpfiz4l6Zr3wH+H/gq3gu01Xw/qOqXl1NIiiB0uTB5YQhixI8ps5UYyMZ7eaUUdLAtGpdr/AIpr8mfSA/aQ8M/8NeeFvip9h1b/AIR7Sk01ZrbyYvtbfZ7GK3k2r5mw5dCRlxxjODxVj4Z/tM+F/BcvwVa9sNXlHgnUtavNR+zwxHzUu8eUIcyDcRj5t23HYmvmeigNlbyS+5NL8Gz6W8I/tQf8Wn8NeEbrx/8AEL4cXPhyW5jt7rwT++gv7aaQyhZ4ftlttkjdmAcF9yvggbQTm/DP416H4T8aah4tk+I3xO0PWLnWGuLpbW3g1P8AtexVkaGO8kkuoQ8h/eh98cqHcpC9Qfnuind83Ot/+G/y9N9BP3lyvY+i7D9pDTLXR5YPDPhRtL1t/iVb+MtL0WziV7GGGNGWO1UqQxbeVUKqAY6Y4WvT/gfffDi6/aK8VeOtL0/xja3Fvp2salqmm6xZwW9p4ceS0mExkuhMzTjzXMKI8UJJlQkkrtb4njkaKRXRijqcqynBBHcV2Hiz40fEHx7pK6X4m8d+JvEemLIsos9W1i4uoQ4BAbZI5GQCcHHc1Ml7jit7Nel4qP5RV/TRrUvmfNd7Xv8A+TOX5yfl3TWhs+NPiXpniP4H/DbwbbQXaan4buNUlu5pUUQuLmWN4/LIYsSAhzlR2xmvUtW/aU8H+JPi18TNTvLbXLLwt408MQaAbiC0hmvbOSOK1xL5JmVJF32xG3zVO1gcgjbXzFRT6NPqmvvVn+DJ7NdP8+b80WL9LaO+uEspprizWRhBNcRCKR48nazIGYKxGCVDMAeMnrXrXjL4xaN4h1D4Mz21rfongzR7PT9QEsaAyyRXk07GHDncpWRQN205B4A5rx2iqjJx5WujT+aTX6smUVLmT6pr5Np/oj1X4q/FTSfHPxQ8YeJLC3vYbHWNZvNQt47hEWVY5Z3kUOAxAYBhnBIz3NFeVUVwLB0krI+ljn+NjFRTWnkFFFFdp84FFFFABRRRQAUUUUAFFFFABRRRQAV7L+yxH8Obn4oaLaePfD+qeKZr3VLGy07TLa6S2snMs3lyPdNtLsqBkZUTG8ghmA6+NV13wf16x8L/ABY8F6zqk/2XTdO1qzu7qfYz+XFHOjO21QScKCcAE+lb0Le1jzbXRjWv7OVt7Hrvw88E6BJ8ZvjFrmp6Naaho3ge01bWLXR5UxaTTx3AhtYpI1xmJZJUYoOCE2n5SQamtTWPxM/Zzn8eX+gaFaeJvC/iW102eXSdLg0y31GzuIpZFjlhtVjTejwkb1CsVfBJwCK3gX4qeG9P+LnxOg1e+mt/B3jqLUdKl1a3t2kazSa4E0F0YiA7qrpGWQYbaWwCQFMV9r3hLwr8LLP4Y2XjK31qPXvENvquveItMsLk2djbxI0USRx3EcM0rr5ssj4RRwiqWJOOOnzexguvLD/wLn97093dvpodU7e1k+nNL/wHk0/8m289TrvE1vqV18E/G918V/AWj+CNQk+yT+DpoPDFtoV7PcGYebHEkUUT3Fv5DMWdw4QiL5tzDPy/X0D4Z8ReFvgz8MPiTpCePtO8ey+LNNj0y10TRbO+W0ilEyyC9uDeW8ADxKhEflq7bpDygGT5hN8ZPHl54Xi8MXnjTxFe+Fo0jiGg3GrXDWPloQUj8kvs2gquABxgY6VrZc9ltp/T7tK2q39UyFfl17v9NvLfTvfo0fV+l+AtIuLu2tf+EK0Vf2en8Hi6ufGzaVC1xHdfZN7zHVNvmreC+/dC1DgHhPK2nJ8/+HPwm1bw58CfDni/w/oPhrVPFHi6/uoodU8YS6ctjYWkDrGsMUeosLaS4nlEp5DOEhOwDLsOqn+MXw8uf2jLX41r49W10SKzjz4CXTrv+0RGlsIDpa4h+yfZ2wRnzgPLY5Td8teXDxR4V+L3wf8ACnhPWfF9p4AvvCOpXzWiapaXdzaXFjeSLKQjW0MrCWJ1YbWRVZXUhgQQaveTdt/P+8+uzey0+yn9m14XwR8vx93tvvrru2uqZrfC/wAK6lJ4++Kdrr3hDT7v4v6bprHQ/C91o9slu14JY1nMWnpGIJpUtzJJHEEZGwWCOQK0PiX8F7j4heNPhB4Vi0vR/Bvxa8TWLRa/o62w0+2tZPMYWks9tCmLaWSAKzxoi/wsUUuc62rftAeCviJcfFjQDqsnhCLxJpWj6VpXirULOVjJDp8aI8d2tuJZUW4EasfLV8FUDAgZE3gH40eAfh74u+AWk3nikeI7fwTqd1e6n4shs7kW0FvPgraW6SRLcPHGVZsmNcNK21cZJjT3E9lbyv8AFf8Aw+afZf3bknKKnbez87O0dP72uit1d/5reYWP7Kur6vpGs6jpvjTwbqEPh6RE8RiG/mX+xFO8GWVngVJ0DIUzaNOWYqED7lzxnxI+Ed98OtM8O6uNY0rxL4e8QQyy6drOitMYJWik2SxlZ4opUdDtyGQcMpGc103w18faD4f+F3xs0i/vvI1HxFp1lBpcPkyN9oePUIpnGQpC4jVm+YgcYHPFW9U+L0Wj/Aj4U6b4X8RXuleM/Dura1dTyac81tPaJcC3EbLMoA+YJIPkYkAHOM8rVpN+X+TX69/Nm0opTcVteS+SV0/m9O3bU8Uor03/AIag+Mn/AEVrx1/4Ul7/APHaKozPMqKKKACiiigAooooAKKKKACiiigAooooAKKKKACiiigAooooAKKKKACiiigAooooAKKKKAP/2Q=='),
('e3661c31-d1a4-47ab-94b6-1c6500dccf48', 'The Godfather', 'CRIME', 175, 1972, 'e3661c31-d1a4-47ab-94b6-1c6500dccf40', 'e3661c31-d1a4-47ab-94b6-1c6500dccf28', 'The aging patriarch of an organized crime dynasty transfers control of his clandestine empire to his reluctant son.',''),
('e3661c31-d1a4-47ab-94b6-1c6500dccf49', 'Forrest Gump', 'DRAMA', 142, 1994, 'e3661c31-d1a4-47ab-94b6-1c6500dccf36', 'e3661c31-d1a4-47ab-94b6-1c6500dccf31', 'The presidencies of Kennedy and Johnson, the events of Vietnam, Watergate and other historical events unfold from the perspective of an Alabama man with an IQ of 75, whose only desire is to be reunited with his childhood sweetheart.','data:image/jpeg;base64,/9j/4AAQSkZJRgABAQEAkACQAAD/2wBDAAMCAgMCAgMDAwMEAwMEBQgFBQQEBQoHBwYIDAoMDAsKCwsNDhIQDQ4RDgsLEBYQERMUFRUVDA8XGBYUGBIUFRT/2wBDAQMEBAUEBQkFBQkUDQsNFBQUFBQUFBQUFBQUFBQUFBQUFBQUFBQUFBQUFBQUFBQUFBQUFBQUFBQUFBQUFBQUFBT/wAARCABEAEMDASIAAhEBAxEB/8QAHwAAAQUBAQEBAQEAAAAAAAAAAAECAwQFBgcICQoL/8QAtRAAAgEDAwIEAwUFBAQAAAF9AQIDAAQRBRIhMUEGE1FhByJxFDKBkaEII0KxwRVS0fAkM2JyggkKFhcYGRolJicoKSo0NTY3ODk6Q0RFRkdISUpTVFVWV1hZWmNkZWZnaGlqc3R1dnd4eXqDhIWGh4iJipKTlJWWl5iZmqKjpKWmp6ipqrKztLW2t7i5usLDxMXGx8jJytLT1NXW19jZ2uHi4+Tl5ufo6erx8vP09fb3+Pn6/8QAHwEAAwEBAQEBAQEBAQAAAAAAAAECAwQFBgcICQoL/8QAtREAAgECBAQDBAcFBAQAAQJ3AAECAxEEBSExBhJBUQdhcRMiMoEIFEKRobHBCSMzUvAVYnLRChYkNOEl8RcYGRomJygpKjU2Nzg5OkNERUZHSElKU1RVVldYWVpjZGVmZ2hpanN0dXZ3eHl6goOEhYaHiImKkpOUlZaXmJmaoqOkpaanqKmqsrO0tba3uLm6wsPExcbHyMnK0tPU1dbX2Nna4uPk5ebn6Onq8vP09fb3+Pn6/9oADAMBAAIRAxEAPwD8/wCipLe3kupliiXfI3RabJG0UjI42upII9CKAG0UUUAFFFFABRRRQAUUUUAafhv/AJDVv/wL/wBBNVdU/wCQld/9dn/9CNWvDf8AyGrf/gX/AKCaq6p/yErv/rs//oRoArUUV0fhbwbc+JNL1nUoTE8WkLbyy2zsVecSzpCFU4wDlxyccUm7K40rux23w48EvpM2n6hfvP4c8QySRXeiXOrW4OmXikZETuR8pbPBPH0NVPjZ4Dt/D19BrNla/wBkQ38jJc6LMwEthcgZdAP4ojncjjgg4r2fwv4dv9HhNnB4c8S6HZSHZLpjajZarYNzg7opmX/x3B968H+LGn6hLcaZr15NH9l1ZbgWVnGX/wBEhguJIRFhidoyhIAYgZr4zLq9bHY+VWM1aK11T06LRtLvvKzvZpNo+yzChRwWAjSlB3b00a16vVJvttG6tdNpM4Kt3wjpGiaxdX0eua//AMI9BDZyz2832J7r7ROoGyDCEbd/PzngY5rCr179m/8A4/viL/2I2s/+iK+0PjDyGivu/wCEfwj+IFv8MfDDaV8R7rS9OubCK8hs7Xwfb3ccImXzdvnM4LnLnJI65ooA+HtEuo7PU4ZpW2xruycZ6qRUF9Ks19cSIco8jMD7E1BRQAV1Xgf4iXngWPVYYNP03VLXU4khubbVLbz4mVHEi/LkchlB/CuVooA9I/4XT/1Ingr/AME//wBnWD44+Il546j0qGfT9N0u10yJ4ba20u28iJVdzI3y5PJZifxrlaKYgru/hr4607wJo/jN5be6udZ1bSJNHslQKII45+J5JCTu3BQAqgEEsckYGeEopDOn0b4o+M/Dumw6dpPi7XdL0+Hd5VrZ6lNDEmWLHaisAMkknA6kmiuYooAs/wBl3n/PpP8A9+2/wo/su8/59J/+/bf4V6FRQB57/Zd5/wA+k/8A37b/AAo/su8/59J/+/bf4V6FRQB57/Zd5/z6T/8Aftv8KP7LvP8An0n/AO/bf4V6FRQB57/Zd5/z6T/9+2/wo/su8/59J/8Av23+FehUUAee/wBl3n/PpP8A9+2/wor0KigDiaKKKACiiigAooooAKKKKACiiigD/9k='),
('e3661c31-d1a4-47ab-94b6-1c6500dccf50', 'Titanic', 'ROMANCE', 195, 1997, 'e3661c31-d1a4-47ab-94b6-1c6500dccf45', 'e3661c31-d1a4-47ab-94b6-1c6500dccf32', 'A seventeen-year-old aristocrat falls in love with a kind but poor artist aboard the luxurious, ill-fated R.M.S. Titanic.','data:image/jpeg;base64,/9j/4AAQSkZJRgABAQEAkACQAAD/2wBDAAMCAgMCAgMDAwMEAwMEBQgFBQQEBQoHBwYIDAoMDAsKCwsNDhIQDQ4RDgsLEBYQERMUFRUVDA8XGBYUGBIUFRT/2wBDAQMEBAUEBQkFBQkUDQsNFBQUFBQUFBQUFBQUFBQUFBQUFBQUFBQUFBQUFBQUFBQUFBQUFBQUFBQUFBQUFBQUFBT/wAARCAASAB4DASIAAhEBAxEB/8QAHwAAAQUBAQEBAQEAAAAAAAAAAAECAwQFBgcICQoL/8QAtRAAAgEDAwIEAwUFBAQAAAF9AQIDAAQRBRIhMUEGE1FhByJxFDKBkaEII0KxwRVS0fAkM2JyggkKFhcYGRolJicoKSo0NTY3ODk6Q0RFRkdISUpTVFVWV1hZWmNkZWZnaGlqc3R1dnd4eXqDhIWGh4iJipKTlJWWl5iZmqKjpKWmp6ipqrKztLW2t7i5usLDxMXGx8jJytLT1NXW19jZ2uHi4+Tl5ufo6erx8vP09fb3+Pn6/8QAHwEAAwEBAQEBAQEBAQAAAAAAAAECAwQFBgcICQoL/8QAtREAAgECBAQDBAcFBAQAAQJ3AAECAxEEBSExBhJBUQdhcRMiMoEIFEKRobHBCSMzUvAVYnLRChYkNOEl8RcYGRomJygpKjU2Nzg5OkNERUZHSElKU1RVVldYWVpjZGVmZ2hpanN0dXZ3eHl6goOEhYaHiImKkpOUlZaXmJmaoqOkpaanqKmqsrO0tba3uLm6wsPExcbHyMnK0tPU1dbX2Nna4uPk5ebn6Onq8vP09fb3+Pn6/9oADAMBAAIRAxEAPwD9Rs5rwv4j/tQDwLIZLXwrPqenfbJ7Bb6S9SBXmhYLIFUK7YBPVgM9qyv2oPjrr3w21fStE8OzRWl1Pb/a57iSFZG2l2VVUNkdUbPHpXzheXvjPxnbXN2fDS3yXzNI95a+H49zsxyzCRIs5J7g17mFwSklUq25X5nzOPzJwk6NBvmXkmfYnwy+KWiftBeHdUt/sN3YSWrxfabczFSpLF42SVCD1jPIwQVrom+FGht9+bWH/wB7Wrv/AOO18m/D/WPFvwF+HOv68bD+yrzU9Qs7W1i1SBlaZUS4aQiM4bA3J83Tmvq/4O+P3+Jnw90zXpoFtrqbdHPGmdokRipK57HGfbOK5sVhlTk5w+G9vwO3AY11oxp1f4lrvTzPmP8AbYUf8LK0c45/shBn/ttNWb+0Z4u13QfHNnp+ma1qGnafFpdoY7W0upIok/d9kUgD8qKK9KP8Kj6M8SX8fEeq/U8a1TXdS1yRH1LULrUHjGEa6naUqD2BYnFfcn7JagfBTTCBjNxcE/8Afw0UVWO/3WPr/mTlf+/S9P8AI//Z'),
('e3661c31-d1a4-47ab-94b6-1c6500dccf51', 'Jurassic Park', 'ADVENTURE', 127, 1993, 'e3661c31-d1a4-47ab-94b6-1c6500dccf42', 'e3661c31-d1a4-47ab-94b6-1c6500dccf31', 'During a preview tour, a theme park suffers a major power breakdown that allows its cloned dinosaur exhibits to run amok.',''),
('e3661c31-d1a4-47ab-94b6-1c6500dccf52', 'La La Land', 'MUSIC', 128, 2016, 'e3661c31-d1a4-47ab-94b6-1c6500dccf39', 'e3661c31-d1a4-47ab-94b6-1c6500dccd36', 'While navigating their careers in Los Angeles, a pianist and an actress fall in love while attempting to reconcile their aspirations for the future.',''),
('e3661c31-d1a4-47ab-94b6-1c6500dccf53', 'The Shawshank Redemption', 'DRAMA', 142, 1994, 'e3661c31-d1a4-47ab-94b6-1c6500dccf40', 'e3661c31-d1a4-47ab-94b6-1c6500dccf28', 'Two imprisoned men bond over a number of years, finding solace and eventual redemption through acts of common decency.',''),
('e3661c31-d1a4-47ab-94b6-1c6500dccf54', 'The Lord of the Rings: The Fellowship of the Ring', 'THRILLER', 178, 2001, 'e3661c31-d1a4-47ab-94b6-1c6500dccf42', 'e3661c31-d1a4-47ab-94b6-1c6500dccf34', 'A meek Hobbit from the Shire and eight companions set out on a journey to destroy the powerful One Ring and save Middle-earth from the Dark Lord Sauron.',''),
('e3661c31-d1a4-47ab-94b6-1c6500dccf55', 'The Matrix', 'ACTION', 136, 1999, 'e3661c31-d1a4-47ab-94b6-1c6500dccf42', 'e3661c31-d1a4-47ab-94b6-1c6500dccd37', 'A computer hacker learns from mysterious rebels about the true nature of his reality and his role in the WAR against its controllers.',''),
('e3661c31-d1a4-47ab-94b6-1c6500dccf56', 'The Silence of the Lambs', 'CRIME', 118, 1991, 'e3661c31-d1a4-47ab-94b6-1c6500dccf40', 'e3661c31-d1a4-47ab-94b6-1c6500dccf28', 'A young F.B.I. cadet must receive the help of an incarcerated and manipulative cannibal killer to help catch another serial killer, a madman who skins his victims.',''),
('e3661c31-d1a4-47ab-94b6-1c6500dccf57', 'Gladiator', 'ACTION', 155, 2000, 'e3661c31-d1a4-47ab-94b6-1c6500dccf42', 'e3661c31-d1a4-47ab-94b6-1c6500dccf35', 'A former Roman General sets out to exact vengeance against the corrupt emperor who murdered his family and sent him into slavery.',''),
('e3661c31-d1a4-47ab-94b6-1c6500dccf58', 'Avatar', 'ADVENTURE', 162, 2009, 'e3661c31-d1a4-47ab-94b6-1c6500dccf43', 'e3661c31-d1a4-47ab-94b6-1c6500dccf32', 'A paraplegic Marine dispatched to the moon Pandora on a unique mission becomes torn between following his orders and protecting the world he feels is his home.',''),
('e3661c31-d1a4-47ab-94b6-1c6500dccf59', 'Interstellar', 'ADVENTURE', 169, 2014, 'e3661c31-d1a4-47ab-94b6-1c6500dccf41', 'e3661c31-d1a4-47ab-94b6-1c6500dccf27', 'A team of explorers travel through a wormhole in space in an attempt to ensure humanity''s survival.',''),
('e3661c31-d1a4-47ab-94b6-1c6500dccf60', 'The Departed', 'CRIME', 151, 2006, 'e3661c31-d1a4-47ab-94b6-1c6500dccf40', 'e3661c31-d1a4-47ab-94b6-1c6500dccf28', 'An undercover cop and a mole in the police attempt to identify each other while infiltrating an Irish gang in South Boston.',''),
('e3661c31-d1a4-47ab-94b6-1c6500dccf61', 'Fight Club', 'DRAMA', 139, 1999, 'e3661c31-d1a4-47ab-94b6-1c6500dccf40', 'e3661c31-d1a4-47ab-94b6-1c6500dccf35', 'An insomniac office worker and a devil-may-care soapmaker form an underground fight club that evolves into something much, much more.',''),
('e3661c31-d1a4-47ab-94b6-1c6500dccf62', 'The Avengers', 'ACTION', 143, 2012, 'e3661c31-d1a4-47ab-94b6-1c6500dccf36', 'e3661c31-d1a4-47ab-94b6-1c6500dccf35', 'Earth\''s mightiest heroes must come together and learn to fight as a team if they are going to stop the mischievous Loki and his alien army from enslaving humanity.',''),
('e3661c31-d1a4-47ab-94b6-1c6500dccf63', 'The Prestige', 'DRAMA', 130, 2006, 'e3661c31-d1a4-47ab-94b6-1c6500dccf42', 'e3661c31-d1a4-47ab-94b6-1c6500dccf27', 'After a tragic accident, two stage magicians engage in a battle to create the ultimate illusion while sacrificing everything they have to outwit each other.',''),
('e3661c31-d1a4-47ab-94b6-1c6500dccf64', 'Black Panther', 'ACTION', 134, 2018, 'e3661c31-d1a4-47ab-94b6-1c6500dccf43', 'e3661c31-d1a4-47ab-94b6-1c6500dccf31', 'T\''Challa, heir to the hidden but advanced kingdom of Wakanda, must step forWARd to lead his people into a new future and must confront a challenger from his country\''s past.',''),
('e3661c31-d1a4-47ab-94b6-1c6500dccf65', 'The Social Network', 'BIOGRAPHY', 120, 2010, 'e3661c31-d1a4-47ab-94b6-1c6500dccf42', 'e3661c31-d1a4-47ab-94b6-1c6500dccd38', 'As Harvard student Mark Zuckerberg creates the social networking site that would become known as Facebook, he is sued by the twins who claimed he stole their idea, and by the co-founder who was later squeezed out of the business.',''),
('e3661c31-d1a4-47ab-94b6-1c6500dccf66', 'The Grand Budapest Hotel', 'ADVENTURE', 99, 2014, 'e3661c31-d1a4-47ab-94b6-1c6500dccf39', 'e3661c31-d1a4-47ab-94b6-1c6500dccd39', 'A writer encounters the owner of an aging high-class hotel, who tells him of his early years serving as a lobby boy in the hotel\''s glorious years under an exceptional concierge.',''),
('e3661c31-d1a4-47ab-94b6-1c6500dccf68', 'Inception', 'SCIENCE_FICTION', 148, 2010, 'e3661c31-d1a4-47ab-94b6-1c6500dccf42', 'e3661c31-d1a4-47ab-94b6-1c6500dccd37', 'A thief who steals corporate secrets through the use of dream-sharing technology is given the inverse task of planting an idea into the mind of a C.E.O.',''),
('e3661c31-d1a4-47ab-94b6-1c6500dccf69', 'The Green Mile', 'CRIME', 189, 1999, 'e3661c31-d1a4-47ab-94b6-1c6500dccf40', 'e3661c31-d1a4-47ab-94b6-1c6500dccf28', 'The lives of guards on Death Row are affected by one of their charges: a black man accused of child murder and rape, yet who has a mysterious gift.',''),
('e3661c31-d1a4-47ab-94b6-1c6500dccf70', 'The Departed', 'CRIME', 151, 2006, 'e3661c31-d1a4-47ab-94b6-1c6500dccf40', 'e3661c31-d1a4-47ab-94b6-1c6500dccf28', 'An undercover cop and a mole in the police attempt to identify each other while infiltrating an Irish gang in South Boston.',''),
('e3661c31-d1a4-47ab-94b6-1c6500dccf71', 'The Shawshank Redemption', 'DRAMA', 142, 1994, 'e3661c31-d1a4-47ab-94b6-1c6500dccf40', 'e3661c31-d1a4-47ab-94b6-1c6500dccf28', 'Two imprisoned men bond over a number of years, finding solace and eventual redemption through acts of common decency.',''),
('e3661c31-d1a4-47ab-94b6-1c6500dccf72', 'The Lord of the Rings: The Return of the King', 'THRILLER', 201, 2003, 'e3661c31-d1a4-47ab-94b6-1c6500dccf42', 'e3661c31-d1a4-47ab-94b6-1c6500dccf34', 'Gandalf and Aragorn lead the World of Men against Sauron\''s army to draw his gaze from Frodo and Sam as they approach Mount Doom with the One Ring.',''),
('e3661c31-d1a4-47ab-94b6-1c6500dccf73', 'The Godfather: Part II', 'CRIME', 202, 1974, 'e3661c31-d1a4-47ab-94b6-1c6500dccf40', 'e3661c31-d1a4-47ab-94b6-1c6500dccf28', 'The early life and career of Vito Corleone in 1920s New York City is portrayed, while his son, Michael, expands and tightens his grip on the family crime syndicate.',''),
('e3661c31-d1a4-47ab-94b6-1c6500dccf74', 'The Dark Knight Rises', 'ACTION', 164, 2012, 'e3661c31-d1a4-47ab-94b6-1c6500dccf42', 'e3661c31-d1a4-47ab-94b6-1c6500dccd37', 'Eight years after the Joker''s reign of anarchy, Batman, with the help of the enigmatic Catwoman, is forced from his exile to save Gotham City from the brutal guerr',''),
('e3661c31-d1a4-47ab-94b6-1c6500dccf75', 'Fight Club', 'DRAMA', 139, 1999, 'e3661c31-d1a4-47ab-94b6-1c6500dccf40', 'e3661c31-d1a4-47ab-94b6-1c6500dccf35', 'An insomniac office worker and a devil-may-care soapmaker form an underground fight club that evolves into something much ||s survival.',''),
('e3661c31-d1a4-47ab-94b6-1c6500dccf76', 'The Departed', 'CRIME', 151, 2006, 'e3661c31-d1a4-47ab-94b6-1c6500dccf40', 'e3661c31-d1a4-47ab-94b6-1c6500dccf28', 'An undercover cop and a mole in the police attempt to identify each other while infiltrating an Irish gang in South Boston.',''),
('e3661c31-d1a4-47ab-94b6-1c6500dccf77', 'The Lord of the Rings: The Two Towers', 'THRILLER', 179, 2002, 'e3661c31-d1a4-47ab-94b6-1c6500dccf42', 'e3661c31-d1a4-47ab-94b6-1c6500dccf34', 'While Frodo and Sam edge closer to Mordor with the help of the shifty Gollum, the divided fellowship makes a stand against Sauron\''s new ally, Saruman, and his hordes of Isengard.','');

